band,label,gameId,component,file,currentPool,expected,extras,status
68,9-12,ms-name-weed,MSNameTheWeed,src/components/game/practice-games/middle/NameTheWeed.tsx,"highSchoolWeeds","highSchoolWeeds",,OK
68,9-12,weed-origins,WeedOrigins,src/components/game/practice-games/middle/WeedOrigins.tsx,"highSchoolWeeds","highSchoolWeeds",,OK
68,9-12,ms-taxonomy,MSTaxonomyTower,src/components/game/practice-games/middle/TaxonomyTower.tsx,"highSchoolWeeds","highSchoolWeeds",,OK
68,9-12,ms-habitat,MSHabitatMapping,src/components/game/practice-games/middle/HabitatMapping.tsx,"highSchoolWeeds","highSchoolWeeds",,OK
68,9-12,weed-competitors,WeedCompetitors,src/components/game/practice-games/middle/WeedCompetitors.tsx,"highSchoolWeeds","highSchoolWeeds",competitionTraits,OK
68,9-12,invasive-quiz,InvasiveQuiz,src/components/game/practice-games/middle/InvasiveQuiz.tsx,"highSchoolWeeds","highSchoolWeeds",weedKnowledge,OK
68,9-12,ms-safe-toxic,MSSafeVsToxic,src/components/game/practice-games/middle/SafeVsToxic.tsx,"highSchoolWeeds","highSchoolWeeds",,OK
68,9-12,life-stage-control,LifeStageControl,src/components/game/practice-games/middle/LifeStageControl.tsx,"highSchoolWeeds","highSchoolWeeds",,OK
68,9-12,ms-lifecycle,MSLifeCycleMatching,src/components/game/practice-games/middle/LifeCycleMatching.tsx,"highSchoolWeeds","highSchoolWeeds",,OK
68,9-12,control-matching,ControlMethodMatching,src/components/game/practice-games/middle/ControlMethodMatching.tsx,"highSchoolWeeds","highSchoolWeeds",herbicides,OK
68,9-12,herbicide-applicator,HerbicideApplicator,src/components/game/practice-games/middle/HerbicideApplicator.tsx,"highSchoolWeeds","highSchoolWeeds",herbicides,OK
68,9-12,grass-id-lab,GrassID,src/components/game/practice-games/high/GrassID.tsx,"highSchoolWeeds","highSchoolWeeds",grassFeatures,OK
68,9-12,ms-sleepy-seeds,SleepySeeds,src/components/game/practice-games/high/SleepySeeds.tsx,"weedsForPool|collegiateWeeds|typePoolGrade","highSchoolWeeds",,OK
68,9-12,ms-pasture-walk,FieldScoutChallenge,src/components/game/practice-games/middle/FieldScoutChallenge.tsx,"weedsForPool|typePoolGrade","highSchoolWeeds",,OK
68,9-12,seed-banks,WeedSeedBanks,src/components/game/practice-games/k5/WeedSeedBanks.tsx,"highSchoolWeeds","highSchoolWeeds",,OK
68,9-12,weed-lineup,WeedLineUp,src/components/game/practice-games/k5/WeedLineUp.tsx,"highSchoolWeeds","highSchoolWeeds",,OK
912,Collegiate,hs-name-weed,HSNameTheWeed,src/components/game/practice-games/high/NameTheWeed.tsx,"collegiateWeeds","collegiateWeeds|collegiateWeedsAll",,OK
912,Collegiate,weed-bank,WeedBank,src/components/game/practice-games/middle/WeedBank.tsx,"collegiateWeeds","collegiateWeeds|collegiateWeedsAll",,OK
912,Collegiate,hs-taxonomy,HSTaxonomyTower,src/components/game/practice-games/high/TaxonomyTower.tsx,"collegiateWeeds","collegiateWeeds|collegiateWeedsAll",,OK
912,Collegiate,spot-differences,SpotTheDifferences,src/components/game/practice-games/high/SpotTheDifferences.tsx,"collegiateWeeds","collegiateWeeds|collegiateWeedsAll",,OK
912,Collegiate,hs-habitat,HSHabitatMapping,src/components/game/practice-games/high/HabitatMapping.tsx,"collegiateWeeds","collegiateWeeds|collegiateWeedsAll",,OK
912,Collegiate,invasive-habitat,InvasiveHabitatMapping,src/components/game/practice-games/high/InvasiveHabitatMapping.tsx,"collegiateWeeds","collegiateWeeds|collegiateWeedsAll",weedKnowledge,OK
912,Collegiate,hs-field-scout,FieldScoutTools,src/components/game/practice-games/high/FieldScoutTools.tsx,"collegiateWeeds","collegiateWeeds|collegiateWeedsAll",,OK
912,Collegiate,hs-lifecycle,LifeCycleSort,src/components/game/practice-games/high/LifeCycleSort.tsx,"collegiateWeeds","collegiateWeeds|collegiateWeedsAll",,OK
912,Collegiate,sleepy-seeds,SleepySeeds,src/components/game/practice-games/high/SleepySeeds.tsx,"weedsForPool|collegiateWeeds|typePoolGrade","collegiateWeeds|collegiateWeedsAll",,OK
912,Collegiate,allelopathy,AllelopathyAttack,src/components/game/practice-games/high/AllelopathyAttack.tsx,"collegiateWeeds","collegiateWeeds|collegiateWeedsAll",,OK
912,Collegiate,hs-weed-control,HSWeedControl,src/components/game/practice-games/high/WeedControl.tsx,"collegiateWeeds","collegiateWeeds|collegiateWeedsAll",,OK
912,Collegiate,hs-control-match,HSControlMethodMatching,src/components/game/practice-games/high/ControlMethodMatching.tsx,"collegiateWeeds","collegiateWeeds|collegiateWeedsAll",herbicides,OK
912,Collegiate,crop-doctor,CropDoctor,src/components/game/practice-games/high/CropDoctor.tsx,"NONE","collegiateWeeds|collegiateWeedsAll",,NO_POOL
912,Collegiate,ligule-lens,LiguleLens,src/components/game/practice-games/middle/LiguleLens.tsx,"collegiateWeedsAll","collegiateWeeds|collegiateWeedsAll",,OK
912,Collegiate,life-stage-maze,LifeStageMaze,src/components/game/practice-games/high/LifeStageMaze.tsx,"collegiateWeeds","collegiateWeeds|collegiateWeedsAll",,OK
912,Collegiate,hs-field-scout-draw,FieldScoutDraw,src/components/game/practice-games/high/FieldScoutDraw.tsx,"collegiateWeeds","collegiateWeeds|collegiateWeedsAll",,OK
912,Collegiate,invasive-match,InvasiveMatch,src/components/game/practice-games/k5/InvasiveMatch.tsx,"collegiateWeedsAll","collegiateWeeds|collegiateWeedsAll",,OK
newk5,K-5,weed-or-crop,WeedOrCrop,src/components/game/practice-games/k5/WeedOrCrop.tsx,"elementaryWeeds","elementaryWeeds",,OK
newk5,K-5,leaf-artist,LeafArtist,src/components/game/practice-games/k5/LeafArtist.tsx,"elementaryWeeds","elementaryWeeds",,OK
newk5,K-5,life-stages,LifeStagesSequence,src/components/game/practice-games/k5/LifeStagesSequence.tsx,"elementaryWeeds","elementaryWeeds",,OK
newk5,K-5,weed-travel,WeedTravel,src/components/game/practice-games/k5/WeedTravel.tsx,"elementaryWeeds","elementaryWeeds",,OK
newk5,K-5,invasive-id,InvasiveID,src/components/game/practice-games/k5/InvasiveID.tsx,"elementaryWeeds","elementaryWeeds",,OK
newk5,K-5,safe-vs-toxic,SafeVsToxic,src/components/game/practice-games/k5/SafeVsToxic.tsx,"elementaryWeeds","elementaryWeeds",,OK
newk5,K-5,great-garden-race,GreatGardenRace,src/components/game/practice-games/k5/GreatGardenRace.tsx,"NONE","elementaryWeeds",,NO_POOL
newk5,K-5,weed-hero-squad,WeedHeroSquad,src/components/game/practice-games/k5/WeedHeroSquad.tsx,"NONE","elementaryWeeds",,NO_POOL
newk5,K-5,plant-doctor,PlantDoctor,src/components/game/practice-games/k5/PlantDoctor.tsx,"NONE","elementaryWeeds",,NO_POOL
newk5,K-5,fun-fact-detective,FunFactDetective,src/components/game/practice-games/k5/FunFactDetective.tsx,"HARDCODED","elementaryWeeds",,CHECK_HARDCODED
newk5,K-5,invasive-splat,InvasiveSplat,src/components/game/practice-games/k5/InvasiveSplat.tsx,"NONE","elementaryWeeds",,NO_POOL
newk5,K-5,plant-parts-head,PlantPartsHead,src/components/game/practice-games/k5/PlantPartsHead.tsx,"NONE","elementaryWeeds",,NO_POOL
newk5,K-5,plant-ninja,PlantNinja,src/components/game/practice-games/k5/PlantNinja.tsx,"elementaryWeeds","elementaryWeeds",,OK
newk5,K-5,row-runner,RowRunner,src/components/game/practice-games/k5/RowRunner.tsx,"elementaryWeeds","elementaryWeeds",,OK
newk5,K-5,whack-a-weed,WhackAWeed,src/components/game/practice-games/k5/WhackAWeed.tsx,"elementaryWeeds","elementaryWeeds",,OK
newk5,K-5,crop-care,CropCare,src/components/game/practice-games/k5/CropCare.tsx,"elementaryWeeds","elementaryWeeds",,OK
newk5,K-5,root-rush,RootRush,src/components/game/practice-games/k5/RootRush.tsx,"NONE","elementaryWeeds",,NO_POOL
newk5,K-5,sprout-climb,SproutClimb,src/components/game/practice-games/k5/SproutClimb.tsx,"NONE","elementaryWeeds",,NO_POOL
k5,6-8,field-scout,FieldScoutChallenge,src/components/game/practice-games/middle/FieldScoutChallenge.tsx,"weedsForPool|typePoolGrade","middleSchoolWeeds",,OK
k5,6-8,native-lookalike,NativeLookAlike,src/components/game/practice-games/middle/NativeLookAlike.tsx,"middleSchoolWeeds","middleSchoolWeeds",weedKnowledge,OK
k5,6-8,ms-look-alike,MSLookAlike,src/components/game/practice-games/middle/MSLookAlike.tsx,"middleSchoolWeeds","middleSchoolWeeds",lookAlikeGroups,OK
k5,6-8,ms-weed-control,MSWeedControl,src/components/game/practice-games/middle/WeedControl.tsx,"middleSchoolWeeds","middleSchoolWeeds",,OK
k5,6-8,taxonomy-tower,TaxonomyTower,src/components/game/practice-games/k5/TaxonomyTower.tsx,"middleSchoolWeeds","middleSchoolWeeds",,OK
k5,6-8,life-cycle-match,LifeCycleMatching,src/components/game/practice-games/k5/LifeCycleMatching.tsx,"middleSchoolWeeds","middleSchoolWeeds",,OK
k5,6-8,habitat-mapping,HabitatMapping,src/components/game/practice-games/k5/HabitatMapping.tsx,"middleSchoolWeeds","middleSchoolWeeds",,OK
k5,6-8,sense-detective,SenseDetective,src/components/game/practice-games/k5/SenseDetective.tsx,"middleSchoolWeeds","middleSchoolWeeds",,OK
k5,6-8,name-the-weed,NameTheWeed,src/components/game/practice-games/k5/NameTheWeed.tsx,"middleSchoolWeeds","middleSchoolWeeds",,OK
k5,6-8,seed-journey,SeedJourney,src/components/game/practice-games/k5/SeedJourney.tsx,"NONE","middleSchoolWeeds",,NO_POOL
k5,6-8,squad-defense,SquadDefense,src/components/game/practice-games/k5/SquadDefense.tsx,"HARDCODED","middleSchoolWeeds",,CHECK_HARDCODED